T,nanosec_per_fg,alloc_memory_MB,rss_memory_MB_min,rss_memory_MB_max,rss_memory_MB_median,rss_baseline_MB
20,2307229159.071429,5400.335264,349.7615360000001,376.8524799999999,353.95583999999997,755.4375679999999
50,3363601405.2222223,17849.69,835.1375360000001,859.9674879999999,840.3988479999999,755.4375679999999
100,5586210950.903226,64500.42752,1212.5184,1737.5109120000002,1653.7640959999999,755.4375679999999
200,11887723870.1875,72644.604048,2303.340544,2399.694848,2354.829312,755.4375679999999
300,14866028372.0,110775.85008,2871.27552,2947.977216,2915.448832,755.4375679999999
400,18556584319.692307,137925.862048,2856.374272,3584.913408,3319.23456,755.4375679999999
500,21787364412.76923,185114.380832,3625.5334399999997,4347.26912,3715.391488,755.4375679999999
800,38002084434.38461,355816.972528,5691.846656,5807.3784319999995,5788.520447999999,755.4375679999999
