T,nanosec_per_fg,alloc_memory_MB,rss_memory_MB,rss_baseline_MB
20,22656022743.57143,162139.121792,370.143232,755.4375679999999
50,39831373812.111115,417973.520432,546.066432,755.4375679999999
100,80967420411.41936,1498649.008216,675.5819519999999,755.4375679999999
200,164327365413.3125,1538185.23172,1313.8329600000002,755.4375679999999
300,250810781201.6,2187712.675512,1760.9523199999999,755.4375679999999
400,329263407750.7692,2488333.763392,2330.189824,755.4375679999999
500,433873846749.38464,3184322.03684,2878.44352,755.4375679999999
800,664226831770.6923,5122004.698928,4464.693248,755.4375679999999
