levels,nanosec_per_fg,alloc_memory_MB,rss_memory_MB,rss_baseline_MB
3,30053802700.615383,205568.70844,639.7091839999999,755.4375679999999
4,50085697581.454544,969720.805152,642.408448,755.4375679999999
5,80552175281.25807,1498649.008216,673.8124799999999,755.4375679999999
6,129536274353.21951,3331363.06044,733.978624,755.4375679999999
7,nan,nan,2192.580608,755.4375679999999
8,439030300825.1053,5399845.612168,805.318656,755.4375679999999
