levels,nanosec_per_fg,alloc_memory_MB,rss_memory_MB_min,rss_memory_MB_max,rss_memory_MB_median,rss_baseline_MB
3,178534967.30769232,69.067744,89.10438399999998,104.19404800000007,93.27411200000006,755.4375679999999
4,376510451.4666666,172.104304,94.09740799999997,121.54470400000002,97.09158400000001,755.4375679999999
5,914448418.8387096,198.847456,99.13958400000001,124.85836800000004,101.736448,755.4375679999999
6,1427400252.4390244,314.030768,100.54041600000005,115.12217599999997,107.77395200000001,755.4375679999999
7,2786092556.4,266.093136,105.89388800000006,130.00704000000007,110.64115200000003,755.4375679999999
8,5218127180.583333,343.079392,106.43046400000003,122.87180799999999,112.43110400000006,755.4375679999999
9,6892010722.944445,388.680448,114.356224,143.77369599999997,123.23430400000001,755.4375679999999
10,5937183760.138889,462.10336,116.82201599999996,149.22137599999996,122.35980800000004,755.4375679999999
15,20433805971.13889,805.667552,121.90105600000004,139.44831999999997,123.88352000000003,755.4375679999999
