T,nanosec_per_fg,alloc_memory_MB,rss_memory_MB_min,rss_memory_MB_max,rss_memory_MB_median,rss_baseline_MB
20,22656022743.57143,162139.121792,299.4257920000001,370.143232,321.746944,755.4375679999999
50,39831373812.11112,417973.520432,376.1315840000001,546.066432,466.5344,755.4375679999999
100,80967420411.41936,1498649.008216,662.032384,673.8124799999999,666.116096,755.4375679999999
200,164327365413.3125,1538185.23172,1042.9358080000002,1313.8329600000002,1172.359168,755.4375679999999
300,250810781201.6,2187712.675512,1501.0119680000003,1760.9523199999999,1610.50624,755.4375679999999
400,329263407750.7692,2488333.763392,1992.94976,2330.189824,2200.111104,755.4375679999999
500,433873846749.38464,3184322.03684,2540.58496,2878.44352,2759.667712,755.4375679999999
800,664226831770.6923,5122004.698928,3856.699392,4464.693248,4062.748672,755.4375679999999
