T,nanosec_per_fg,alloc_memory_MB,rss_memory_MB,rss_baseline_MB
20,160862450.2857143,22.699936,115.01158399999997,755.4375679999999
50,455618480.2777778,62.000496,101.285888,755.4375679999999
100,nan,nan,121.20473600000003,755.4375679999999
200,1838380232.875,205.525712,105.91436799999997,755.4375679999999
300,2601719438.9333334,287.374112,120.93030399999998,755.4375679999999
400,3033435342.0,332.42544,115.46214399999997,755.4375679999999
500,4615290220.461538,413.816864,118.00576000000001,755.4375679999999
800,7350845549.307693,659.554672,120.721408,755.4375679999999
