levels,nanosec_per_fg,alloc_memory_MB,rss_memory_MB_min,rss_memory_MB_max,rss_memory_MB_median,rss_baseline_MB
3,30053802700.615383,205568.70844,602.0136960000001,639.7091839999999,616.124416,755.4375679999999
4,50085697581.454544,969720.805152,601.21088,642.408448,630.790144,755.4375679999999
5,80552175281.25807,1498649.008216,662.032384,673.8124799999999,666.116096,755.4375679999999
6,129536274353.21951,3331363.06044,672.763904,733.978624,688.3983360000001,755.4375679999999
7,nan,nan,2101.174272,2192.580608,2167.410688,755.4375679999999
8,439030300825.1053,5399845.612168,758.562816,805.318656,769.8022400000001,755.4375679999999
