T,nanosec_per_fg,alloc_memory_MB,rss_memory_MB_min,rss_memory_MB_max,rss_memory_MB_median,rss_baseline_MB
20,160862450.2857143,22.699936,85.09849600000007,115.01158399999997,105.29996800000004,755.4375679999999
50,455618480.2777778,62.000496,94.26124800000002,101.285888,97.73465600000003,755.4375679999999
100,nan,nan,99.13958400000001,124.85836800000004,101.736448,755.4375679999999
200,1838380232.875,205.525712,97.73465599999997,105.91436799999997,101.26540800000004,755.4375679999999
300,2601719438.9333334,287.374112,92.38118400000008,120.93030399999998,97.79609600000003,755.4375679999999
400,3033435342.0,332.42544,95.21971200000007,115.46214399999997,101.13638400000002,755.4375679999999
500,4615290220.461538,413.816864,99.42220800000007,118.00576000000001,103.58169600000002,755.4375679999999
800,7350845549.307693,659.554672,112.533504,120.721408,115.69766400000003,755.4375679999999
