levels,nanosec_per_fg,rss_memory_MB_min,rss_memory_MB_max,rss_memory_MB_median,alloc_memory_MB,rss_baseline_MB
3,30053802700.615383,602.0136960000001,639.7091839999999,616.124416,205568.70844,755.4375679999999
4,50085697581.454544,601.21088,642.408448,630.790144,969720.805152,755.4375679999999
5,80552175281.25807,662.032384,673.8124799999999,666.116096,1498649.008216,755.4375679999999
6,129536274353.21951,672.763904,733.978624,688.3983360000001,3331363.06044,755.4375679999999
7,nan,2101.174272,2192.580608,2167.410688,nan,755.4375679999999
8,439030300825.1053,758.562816,805.318656,769.8022400000001,5399845.612168,755.4375679999999
