T,nanosec_per_fg,alloc_memory_MB,rss_memory_MB,rss_baseline_MB
20,2307229159.071429,5400.335264,376.8524799999999,755.4375679999999
50,3363601405.2222223,17849.69,859.9674879999999,755.4375679999999
100,5586210950.903226,64500.42752,1737.949184,755.4375679999999
200,11887723870.1875,72644.604048,2399.694848,755.4375679999999
300,14866028372.0,110775.85008,2947.977216,755.4375679999999
400,18556584319.692307,137925.862048,3584.913408,755.4375679999999
500,21787364412.76923,185114.380832,4347.26912,755.4375679999999
800,38002084434.38461,355816.972528,5807.3784319999995,755.4375679999999
