levels,nanosec_per_fg,alloc_memory_MB,rss_memory_MB,rss_baseline_MB
3,5068618385.461538,9993.053504,795.877376,755.4375679999999
4,4344319800.916667,30018.284976,1222.3160320000002,755.4375679999999
5,6906208335.354838,64500.42752,1737.5109120000002,755.4375679999999
6,5638851708.073171,150829.034064,2185.826304,755.4375679999999
7,7776736637.833333,181804.251856,2878.570496,755.4375679999999
8,7207069022.527778,347228.218336,3025.108992,755.4375679999999
9,9001570684.416666,543422.474944,4567.855103999999,755.4375679999999
10,9398657882.444445,838243.72808,4420.95616,755.4375679999999
15,48722989158.55556,5194882.955536,7954.90304,755.4375679999999
