levels,fg,nanosec_per_fg_min,nanosec_per_fg_max,nanosec_per_fg_median,alloc_memory_MB,rss_memory_MB_min,rss_memory_MB_max,rss_memory_MB_median,rss_baseline_MB
3,13,30053802700.615383,30053802700.615383,30053802700.615383,205568.70844,602.0136960000001,639.7091839999999,616.124416,755.4375679999999
4,33,50085697581.454544,50085697581.454544,50085697581.454544,969720.805152,601.21088,642.408448,630.790144,755.4375679999999
5,31,80967420411.41936,80967420411.41936,80967420411.41936,1498649.008216,662.032384,673.8124799999999,666.116096,755.4375679999999
6,41,129536274353.21951,129536274353.21951,129536274353.21951,3331363.06044,672.763904,733.978624,688.3983360000001,755.4375679999999
