levels,nanosec_per_fg,rss_memory_MB_min,rss_memory_MB_max,rss_memory_MB_median,alloc_memory_MB,rss_baseline_MB
3,5068618385.461538,750.641152,795.877376,773.115904,9993.053504,755.4375679999999
4,4344319800.916667,1076.2895359999998,1222.3160320000002,1205.0677759999999,30018.284976,755.4375679999999
5,6906208335.354838,1212.5184,1737.5109120000002,1653.7640959999999,64500.42752,755.4375679999999
6,5638851708.073171,1767.5264000000002,2185.826304,1781.342208,150829.034064,755.4375679999999
7,7776736637.833333,2469.527552,2878.570496,2683.256832,181804.251856,755.4375679999999
8,7207069022.527778,2936.020992,3025.108992,2998.833152,347228.218336,755.4375679999999
9,9001570684.416666,3327.377408,4567.855103999999,3407.726592,543422.474944,755.4375679999999
10,9398657882.444445,3574.198272,4420.95616,3705.360384,838243.72808,755.4375679999999
15,48722989158.55556,7805.112319999999,7954.90304,7903.127551999999,5194882.955536,755.4375679999999
