levels,nanosec_per_fg,alloc_memory_MB,rss_memory_MB,rss_baseline_MB
3,131099172.92307693,68.291808,127.90169600000002,755.4375679999999
4,406656187.1333333,170.211328,122.39667199999997,755.4375679999999
5,nan,nan,129.96198400000003,755.4375679999999
6,1487187661.0243902,310.085872,152.01894400000003,755.4375679999999
7,2644446124.866667,263.983472,138.76838399999997,755.4375679999999
8,4568372650.361111,340.436944,174.17420800000002,755.4375679999999
9,6841034751.694445,387.514464,144.12185599999998,755.4375679999999
10,5960373980.555555,459.936528,161.56672000000003,755.4375679999999
15,20435057488.333332,802.88752,163.467264,755.4375679999999
