levels,nanosec_per_fg,alloc_memory_MB,rss_memory_MB_min,rss_memory_MB_max,rss_memory_MB_median,rss_baseline_MB
3,131099172.92307691,68.291808,92.59417600000006,127.90169600000002,114.22515199999998,755.4375679999999
4,406656187.1333333,170.211328,99.692544,122.39667199999997,115.11193600000001,755.4375679999999
5,nan,nan,104.42752000000007,120.56985600000007,114.36851200000001,755.4375679999999
6,1487187661.0243902,310.085872,115.75296000000003,152.01894400000003,118.47270400000002,755.4375679999999
7,2644446124.866667,263.983472,115.76934400000005,138.76838399999997,128.70246400000002,755.4375679999999
8,4568372650.361111,340.436944,122.47449600000004,174.17420800000002,126.41894400000001,755.4375679999999
9,6841034751.694445,387.514464,116.87116800000001,144.12185599999998,124.82560000000001,755.4375679999999
10,5960373980.555555,459.936528,125.37446399999999,161.56672000000003,131.19488,755.4375679999999
15,20435057488.33333,802.88752,119.42707200000007,163.467264,149.817344,755.4375679999999
