T,nanosec_per_fg,alloc_memory_MB,rss_memory_MB,rss_baseline_MB
20,185483725.35714287,21.767024,145.48991999999998,755.4375679999999
50,414130674.1666667,60.799104,121.970688,755.4375679999999
100,773333088.548387,196.7688,120.56985600000007,755.4375679999999
200,1552570349.6875,204.457552,134.51264000000003,755.4375679999999
300,2276895729.6,286.37408,134.72563200000002,755.4375679999999
400,2923944756.8461537,331.559648,147.51743999999997,755.4375679999999
500,4108096147.076923,412.948384,134.488064,755.4375679999999
800,6207572670.692307,658.686864,144.84275200000002,755.4375679999999
