T,nanosec_per_fg,alloc_memory_MB,rss_memory_MB_min,rss_memory_MB_max,rss_memory_MB_median,rss_baseline_MB
20,185483725.35714287,21.767024,91.88556800000003,145.48991999999998,93.99500799999998,755.4375679999999
50,414130674.1666667,60.799104,96.37478399999998,121.970688,102.649856,755.4375679999999
100,773333088.548387,196.7688,104.42752000000007,120.56985600000007,114.36851200000001,755.4375679999999
200,1552570349.6875,204.457552,107.429888,134.51264000000003,109.37139200000001,755.4375679999999
300,2276895729.6,286.37408,111.45216000000005,134.72563200000002,114.26816000000002,755.4375679999999
400,2923944756.8461537,331.559648,96.06758400000001,147.51743999999997,140.18560000000002,755.4375679999999
500,4108096147.076923,412.948384,116.70323200000007,134.488064,120.15820800000006,755.4375679999999
800,6207572670.692307,658.686864,117.00224000000003,144.84275200000002,128.79872,755.4375679999999
