T,nanosec_per_fg,alloc_memory_MB,rss_memory_MB,rss_baseline_MB
20,1475018301.357143,5400.286128,362.0577280000001,755.4375679999999
50,3603829422.3125,15865.892144,844.8491519999999,755.4375679999999
100,9907719217.88889,37447.955008,1645.0641920000003,755.4375679999999
200,13812388445.166666,54477.836736,2409.332736,755.4375679999999
300,13675261422.894737,140325.438448,2937.48736,755.4375679999999
400,21472638097.583332,127312.396,3554.2835200000004,755.4375679999999
500,23970731573.53846,185114.759888,4366.495744,755.4375679999999
800,40635106630.4375,437951.659424,5805.268991999999,755.4375679999999
