levels,nanosec_per_fg,alloc_memory_MB,rss_memory_MB,rss_baseline_MB
3,71545891.77272727,115.137568,103.47315199999991,753.68448
4,172780843.19047618,121.945888,90.50931199999991,753.68448
5,380566045.5,118.330112,97.37830399999996,753.68448
6,645326992.6111112,154.482992,121.9911679999999,753.68448
7,1118586828.6,148.62632,123.62956799999995,753.68448
8,1844360373.1333334,159.282112,106.31167999999991,753.68448
9,2679692094.6875,193.047808,116.12159999999994,753.68448
10,4014802638.4375,237.534128,120.45926399999996,753.68448
15,18499502198.9375,412.896608,116.9858559999999,753.68448
