T,nanosec_per_fg,alloc_memory_MB,rss_memory_MB_min,rss_memory_MB_max,rss_memory_MB_median,rss_baseline_MB
20,1475018301.357143,5400.286128,332.140544,362.0577280000001,349.394944,755.4375679999999
50,3603829422.3125,15865.892144,773.902336,844.8491519999999,825.126912,755.4375679999999
100,9907719217.88889,37447.955008,1633.2308480000002,1645.0641920000003,1640.296448,755.4375679999999
200,13812388445.166666,54477.836736,2177.339392,2409.332736,2272.944128,755.4375679999999
300,13675261422.894735,140325.438448,2695.729152,2937.48736,2902.388736,755.4375679999999
400,21472638097.58333,127312.396,2843.127808,3554.2835200000004,2933.803008,755.4375679999999
500,23970731573.53846,185114.759888,3648.360448,4366.495744,3941.00736,755.4375679999999
800,40635106630.4375,437951.659424,5587.578879999999,5805.268991999999,5676.361728,755.4375679999999
