levels,nanosec_per_fg,alloc_memory_MB,rss_memory_MB,rss_baseline_MB
3,6424629389.652174,17681.48536,788.39808,755.4375679999999
4,8271466548.761905,26265.23392,1203.01568,755.4375679999999
5,7980989752.444445,37447.955008,1704.73472,755.4375679999999
6,9173230961.277779,66217.901504,1794.8672000000001,755.4375679999999
7,13328113259.666666,90897.333616,2516.389888,755.4375679999999
8,10324962296.133333,144673.10624,3021.156352,755.4375679999999
9,12443219164.5,241510.502512,3385.2866559999998,755.4375679999999
10,18564207014.0,372537.952032,4377.657343999999,755.4375679999999
15,48376142156.75,2308793.573136,8016.60928,755.4375679999999
