T,nanosec_per_fg,alloc_memory_MB,rss_memory_MB,rss_baseline_MB
20,19360842497.714287,157725.095968,355.50003200000003,753.68448
50,42686569320.1875,414828.432384,475.90604799999994,753.68448
100,84869929896.66667,910608.607672,709.8900479999999,753.68448
200,173217285960.0,1217818.029248,1219.293184,753.68448
300,277638933569.1579,2942146.215456,1634.2425600000001,753.68448
400,353014254434.1667,2292449.686056,2217.193472,753.68448
500,429551692636.7692,3057754.104352,2766.532608,753.68448
800,684473826629.75,6187401.510232,4037.054464,753.68448
