levels,nanosec_per_fg,alloc_memory_MB,rss_memory_MB,rss_baseline_MB
3,33897009038.22222,539788.798024,637.9601919999999,753.68448
4,54011965705.09524,673103.538296,608.272384,753.68448
5,84869929896.66667,910608.607672,709.8900479999999,753.68448
6,214203510397.1579,8043892.229424,670.5151999999999,753.68448
7,288507749578.6316,3154174.319,904.86784,753.68448
8,491684360218.05554,5163668.963848,771.5594239999999,753.68448
