T,nanosec_per_fg,alloc_memory_MB,rss_memory_MB_min,rss_memory_MB_max,rss_memory_MB_median,rss_baseline_MB
20,86166766.35714285,22.876592,82.69004799999993,86.48703999999998,85.024768,753.68448
50,184383063.1875,55.728528,88.9077759999999,104.10393599999998,103.26835199999994,753.68448
100,380566045.5,118.330112,90.98444799999993,97.37830399999996,91.742208,753.68448
200,733480997.9166666,156.461568,91.168768,109.0314239999999,92.532736,753.68448
300,1087523501.631579,361.288496,93.323264,95.90374399999996,94.74457599999994,753.68448
400,1442708940.8333333,308.026208,95.5064319999999,99.91372799999999,96.60006399999997,753.68448
500,1771181217.5384614,414.405392,100.716544,106.172416,104.44799999999998,753.68448
800,2534792174.9375,806.502944,101.54393599999992,104.65689599999996,103.64108799999997,753.68448
