levels,nanosec_per_fg,alloc_memory_MB,rss_memory_MB_min,rss_memory_MB_max,rss_memory_MB_median,rss_baseline_MB
3,33897009038.22222,539788.798024,626.6757119999999,637.9601919999999,634.3229439999999,753.68448
4,54011965705.09524,673103.538296,586.4038399999998,608.272384,601.4607359999999,753.68448
5,84869929896.66667,910608.607672,650.5717759999999,709.8900479999999,653.5536639999999,753.68448
6,214203510397.1579,8043892.229424,652.2716159999999,670.5151999999999,666.7878399999998,753.68448
7,288507749578.6316,3154174.319,892.239872,904.86784,904.605696,753.68448
8,491684360218.05554,5163668.963848,766.1322239999998,771.5594239999999,770.7443199999999,753.68448
