levels,nanosec_per_fg,rss_memory_MB_min,rss_memory_MB_max,rss_memory_MB_median,alloc_memory_MB,rss_baseline_MB
3,71545891.77272727,92.70886399999995,103.47315199999991,101.4128639999999,115.137568,753.68448
4,172780843.19047618,88.3466239999999,90.50931199999991,88.42444799999998,121.945888,753.68448
5,380566045.5,90.98444799999993,97.37830399999996,91.742208,118.330112,753.68448
6,645326992.6111112,100.55679999999995,121.9911679999999,101.7569279999999,154.482992,753.68448
7,1118586828.6,102.97343999999998,123.62956799999995,105.29996799999992,148.62632,753.68448
8,1844360373.1333332,104.472576,106.31167999999991,104.65689599999996,159.282112,753.68448
9,2679692094.6875,107.3274879999999,116.12159999999994,114.33983999999998,193.047808,753.68448
10,4014802638.4375,109.4901759999999,120.45926399999996,117.63711999999998,237.534128,753.68448
15,18499502198.9375,112.97177599999998,116.9858559999999,113.19295999999997,412.896608,753.68448
