levels,nanosec_per_fg,alloc_memory_MB,rss_memory_MB,rss_baseline_MB
3,180123448.0909091,113.823984,108.41702399999997,755.4375679999999
4,420442122.9047619,120.627808,108.81843200000003,755.4375679999999
5,929328121.6666666,117.132176,108.08934399999998,755.4375679999999
6,1815171507.9444444,153.209024,121.67577600000004,755.4375679999999
7,2590001331.266667,147.485168,148.04582400000004,755.4375679999999
8,4549415865.733334,160.868608,116.289536,755.4375679999999
9,7055881327.1875,194.706544,130.07667200000003,755.4375679999999
10,11141480698.4375,230.10144,146.23539200000005,755.4375679999999
15,21945029852.125,415.342928,141.23417600000005,755.4375679999999
