T,nanosec_per_fg,alloc_memory_MB,rss_memory_MB,rss_baseline_MB
20,187748127.7857143,21.946368,125.46867199999997,755.4375679999999
50,463865848.375,54.664448,110.57971199999997,755.4375679999999
100,839866105.6666666,117.132176,108.04428800000005,755.4375679999999
200,1850841494.9166667,155.6652,95.87916800000005,755.4375679999999
300,2735177328.4210525,360.023632,103.74758400000007,755.4375679999999
400,3506345976.0833335,307.22984,167.27654400000006,755.4375679999999
500,4422263324.769231,413.542096,134.254592,755.4375679999999
800,5668233118.75,805.438864,121.18835200000001,755.4375679999999
