T,nanosec_per_fg,alloc_memory_MB,rss_memory_MB_min,rss_memory_MB_max,rss_memory_MB_median,rss_baseline_MB
20,187748127.7857143,21.946368,84.79539199999999,125.46867199999997,123.18310400000001,755.4375679999999
50,463865848.375,54.664448,83.08326399999999,110.57971199999997,107.15955200000002,755.4375679999999
100,839866105.6666666,117.132176,84.33663999999999,108.08934399999998,106.55539199999998,755.4375679999999
200,1850841494.9166667,155.6652,79.15110400000003,95.87916800000005,82.56102400000003,755.4375679999999
300,2735177328.4210525,360.023632,79.60576000000003,103.74758400000007,82.42380800000001,755.4375679999999
400,3506345976.083333,307.22984,87.51923199999999,167.27654400000006,113.29126400000001,755.4375679999999
500,4422263324.769231,413.542096,103.84998400000006,134.254592,108.26342399999999,755.4375679999999
800,5668233118.75,805.438864,88.92416000000003,121.18835200000001,92.141568,755.4375679999999
