T,nanosec_per_fg,alloc_memory_MB,rss_memory_MB_min,rss_memory_MB_max,rss_memory_MB_median,rss_baseline_MB
20,93733255.6,33.983808,95.17875200000003,99.73759999999993,98.98393599999997,720.769024
50,231293545.8333333,50.24528,93.55264,101.70777599999997,100.155392,720.769024
100,466487628.38461536,105.64152,97.36601599999995,111.24735999999996,97.58310399999993,720.769024
200,930317236.5384616,208.72008,99.99564799999996,114.32345599999996,113.73772799999995,720.769024
300,1393400531.857143,334.933744,115.00748799999997,115.70790399999998,115.269632,720.769024
400,1713240454.6,476.574768,112.07065599999999,112.881664,112.47615999999994,720.769024
500,1832282951.1764705,672.200816,121.64300800000001,122.19187199999999,121.69625599999995,720.769024
800,2893647162.8461537,827.19672,116.08473600000002,140.56243199999994,116.46975999999995,720.769024
