levels,nanosec_per_fg,alloc_memory_MB,rss_memory_MB,rss_baseline_MB
3,90437623.53846154,88.071056,104.63231999999994,720.769024
4,222280958.76923078,95.739904,107.70431999999994,720.769024
5,466487628.38461536,105.64152,111.24735999999996,720.769024
6,834943662.5384616,138.096992,113.61894399999994,720.769024
7,1460163588.6923077,152.099728,116.39193599999999,720.769024
8,2033998289.0,162.793696,124.80921599999999,720.769024
9,3056190704.8461537,183.060784,133.75897599999996,720.769024
10,4285328127.076923,215.411472,129.708032,720.769024
15,18773416081.76923,376.85112,140.41088000000002,720.769024
