T,nanosec_per_fg,alloc_memory_MB,rss_memory_MB,rss_baseline_MB
20,93733255.6,33.983808,99.73759999999993,720.769024
50,231293545.83333334,50.24528,101.70777599999997,720.769024
100,466487628.38461536,105.64152,111.24735999999996,720.769024
200,930317236.5384616,208.72008,114.32345599999996,720.769024
300,1393400531.857143,334.933744,115.70790399999998,720.769024
400,1713240454.6,476.574768,112.881664,720.769024
500,1832282951.1764705,672.200816,122.19187199999999,720.769024
800,2893647162.8461537,827.19672,140.56243199999994,720.769024
