levels,nanosec_per_fg,rss_memory_MB_min,rss_memory_MB_max,rss_memory_MB_median,alloc_memory_MB,rss_baseline_MB
3,90437623.53846154,102.649856,104.63231999999994,103.92371200000002,88.071056,720.769024
4,222280958.7692308,96.46079999999995,107.70431999999994,106.09868800000004,95.739904,720.769024
5,466487628.38461536,97.36601599999995,111.24735999999996,97.58310399999993,105.64152,720.769024
6,834943662.5384616,99.22150399999998,113.61894399999994,101.03193599999997,138.096992,720.769024
7,1460163588.6923077,112.66457600000001,116.39193599999999,115.26144,152.099728,720.769024
8,2033998289.0,119.27961600000003,124.80921599999999,124.69043199999999,162.793696,720.769024
9,3056190704.8461537,127.27910399999996,133.75897599999996,133.07084799999996,183.060784,720.769024
10,4285328127.076923,129.04038400000002,129.708032,129.51142400000003,215.411472,720.769024
15,18773416081.76923,124.67404799999997,140.41088000000002,125.29254400000002,376.85112,720.769024
