T,nanosec_per_fg,alloc_memory_MB,rss_memory_MB_min,rss_memory_MB_max,rss_memory_MB_median,rss_baseline_MB
20,860392308.55,7711.437824,324.227072,346.120192,325.7098239999999,753.68448
50,1650248865.9166667,11896.532256,785.3957119999999,825.5242239999999,803.766272,753.68448
100,3021380100.1538463,27040.832992,1206.7758079999999,1629.949952,1621.1230719999999,753.68448
200,5324483486.769231,59017.445392,2346.647552,2389.528576,2350.546944,753.68448
300,8131289442.642858,103386.09848,2694.67648,2925.52704,2751.700992,753.68448
400,10679766544.666666,159150.086752,2945.048576,3330.052096,3326.828544,753.68448
500,13252103455.764706,242089.086912,4246.110208,4328.022016,4323.360768,753.68448
