levels,nanosec_per_fg,alloc_memory_MB,rss_memory_MB,rss_baseline_MB
3,2167048958.4615383,9991.1192,771.862528,753.68448
4,2679488700.923077,16255.17256,1074.8641279999997,753.68448
6,3810997760.1538463,47825.123664,1759.125504,753.68448
7,4167338291.6153846,78775.248336,2487.005184,753.68448
8,4926621983.230769,125374.568656,2844.30336,753.68448
