levels,nanosec_per_fg,alloc_memory_MB,rss_memory_MB,rss_baseline_MB
3,32661737351.846153,245806.375896,783.0978560000001,720.769024
4,60905481411.30769,464976.88872,650.42432,753.68448
5,97113739244.07692,760583.255472,636.665856,753.68448
6,147404703718.3846,1147224.677984,697.61024,720.769024
7,288579888422.8461,2074356.821128,787.9311359999999,720.769024
8,457714103080.6923,3553842.788784,770.3224319999998,753.68448
