levels,nanosec_per_fg,rss_memory_MB_min,rss_memory_MB_max,rss_memory_MB_median,alloc_memory_MB,rss_baseline_MB
3,32661737351.846157,612.974592,783.0978560000001,652.603392,245806.375896,720.769024
4,60905481411.30769,643.7068799999998,650.42432,647.4014719999999,464976.88872,753.68448
5,97113739244.07692,636.3299839999999,636.665856,636.391424,760583.255472,753.68448
6,147404703718.3846,691.949568,697.61024,693.0841600000001,1147224.677984,720.769024
7,288579888422.8461,771.1416320000001,787.9311359999999,772.2721280000001,2074356.821128,720.769024
8,457714103080.6923,727.052288,770.3224319999998,732.2664959999998,3553842.788784,753.68448
