T,fg,nanosec_per_fg_min,nanosec_per_fg_max,nanosec_per_fg_median,alloc_memory_MB,rss_memory_MB_min,rss_memory_MB_max,rss_memory_MB_median,rss_baseline_MB
20,20,15188888852.05,15188888852.05,15188888852.05,175168.92636,297.41056000000003,327.3809920000001,316.5102079999999,720.769024
50,12,48978253637.666664,48978253637.666664,48978253637.666664,350788.321024,421.82656,458.27276800000004,445.09593599999994,720.769024
100,13,97113739244.07692,97113739244.07692,97113739244.07692,760583.255472,636.3299839999999,636.665856,636.391424,753.68448
200,13,201156033647.07693,201156033647.07693,201156033647.07693,1511637.015432,1201.369088,1254.89152,1244.913664,720.769024
300,14,289518101891.1429,289518101891.1429,289518101891.1429,2366699.624688,1548.71808,1738.5103359999998,1571.3239039999999,753.68448
400,15,389910726800.73334,389910726800.73334,389910726800.73334,3286069.751408,1972.0560639999999,2309.107712,2270.052352,753.68448
500,17,463730381858.7059,463730381858.7059,463730381858.7059,4458085.804552,2654.69952,2870.14912,2867.24096,753.68448
