T,nanosec_per_fg,alloc_memory_MB,rss_memory_MB,rss_baseline_MB
20,15188888852.05,175168.92636,327.3809920000001,720.769024
50,48978253637.666664,350788.321024,458.27276800000004,720.769024
100,97113739244.07692,760583.255472,636.665856,753.68448
200,201156033647.07693,1511637.015432,1254.89152,720.769024
300,289518101891.1429,2366699.624688,1738.5103359999998,753.68448
400,389910726800.73334,3286069.751408,2309.107712,753.68448
500,463730381858.7059,4458085.804552,2870.14912,753.68448
