levels,nanosec_per_fg,alloc_memory_MB,rss_memory_MB_min,rss_memory_MB_max,rss_memory_MB_median,rss_baseline_MB
3,2167048958.4615383,9991.1192,750.63296,771.862528,754.4832,753.68448
4,2679488700.923077,16255.17256,825.155584,1074.8641279999997,1062.5023999999999,753.68448
6,3810997760.1538463,47825.123664,1206.7758079999999,1629.949952,1621.1230719999999,753.68448
7,4167338291.6153846,78775.248336,1733.8777599999999,1759.125504,1756.81536,753.68448
8,4926621983.230769,125374.568656,2415.464448,2487.005184,2426.810368,753.68448
