T,fg,nanosec_per_fg_min,nanosec_per_fg_max,nanosec_per_fg_median,alloc_memory_MB,rss_memory_MB_min,rss_memory_MB_max,rss_memory_MB_median,rss_baseline_MB
20,20,1587802932.2,1587802932.2,1587802932.2,7711.437824,323.48569599999996,350.55615999999986,336.00307199999986,758.226944
50,12,2574339746.5833335,2574339746.5833335,2574339746.5833335,11896.532256,769.1263999999999,823.1567359999999,814.493696,758.226944
100,13,4080775757.3076925,4080775757.3076925,4080775757.3076925,27040.832992,1169.670144,1646.9278719999998,1180.9279999999999,758.226944
200,13,7537041326.846154,7537041326.846154,7537041326.846154,59017.445392,2323.2675839999997,2381.7216,2356.9940479999996,758.226944
300,14,9876839002.785715,9876839002.785715,9876839002.785715,103386.09848,2670.8992,2920.247296,2901.250048,758.226944
400,15,13931836405.6,13931836405.6,13931836405.6,159150.086752,2810.482688,3546.5707519999996,3456.731136,758.226944
500,17,14674012724.352942,14674012724.352942,14674012724.352942,242089.086912,3595.6162560000002,4350.124032,4309.248,758.226944
