T,nanosec_per_fg,alloc_memory_MB,rss_memory_MB,rss_baseline_MB
20,860392308.55,7711.437824,346.120192,753.68448
50,1650248865.9166667,11896.532256,825.5242239999999,753.68448
100,3021380100.1538463,27040.832992,1629.949952,753.68448
200,5324483486.769231,59017.445392,2389.528576,753.68448
300,8131289442.642858,103386.09848,2925.52704,753.68448
400,10679766544.666666,159150.086752,3330.052096,753.68448
500,13252103455.764706,242089.086912,4328.022016,753.68448
