levels,nanosec_per_fg,alloc_memory_MB,rss_memory_MB_min,rss_memory_MB_max,rss_memory_MB_median,rss_baseline_MB
3,32661737351.846157,245806.375896,612.974592,783.0978560000001,652.603392,720.769024
4,60905481411.30769,464976.88872,643.7068799999998,650.42432,647.4014719999999,753.68448
5,97113739244.07692,760583.255472,636.3299839999999,636.665856,636.391424,753.68448
6,147404703718.3846,1147224.677984,691.949568,697.61024,693.0841600000001,720.769024
7,288579888422.8461,2074356.821128,771.1416320000001,787.9311359999999,772.2721280000001,720.769024
8,457714103080.6923,3553842.788784,727.052288,770.3224319999998,732.2664959999998,753.68448
