T,nanosec_per_fg,alloc_memory_MB,rss_memory_MB,rss_baseline_MB
20,92529503.05,28.238416,126.95961599999998,720.769024
50,234100939.33333334,41.326896,135.43423999999993,720.769024
100,463498466.84615386,86.09976,121.15558399999998,720.769024
200,861384405.5384616,169.3944,155.844608,720.769024
300,1293332728.7857144,271.302848,127.82387199999994,720.769024
400,1530713658.6666667,385.598656,128.83558399999993,720.769024
500,1813892475.0,543.254272,153.78022399999998,720.769024
800,2893374112.4615383,669.31104,110.59199999999998,720.769024
