levels,nanosec_per_fg,rss_memory_MB_min,rss_memory_MB_max,rss_memory_MB_median,alloc_memory_MB,rss_baseline_MB
3,90035889.23076923,123.33055999999999,125.18604800000003,123.37971199999993,68.529296,720.769024
4,221394320.6153846,116.24038399999995,117.661696,116.84249599999998,76.198144,720.769024
5,463498466.84615386,108.97817599999996,121.15558399999998,116.25676799999997,86.09976,720.769024
6,861176974.6153846,117.35040000000004,125.89875199999994,123.12166400000001,118.555232,720.769024
7,1458318013.7692308,100.75340800000004,125.93151999999998,101.23673599999995,132.16328,720.769024
8,2103961777.0769231,127.96723199999997,129.06495999999993,128.913408,144.178144,720.769024
9,3106631110.1538463,130.392064,135.852032,130.46169599999996,163.005792,720.769024
10,4403583401.384615,131.39968,143.36409600000002,137.86726399999998,197.631504,720.769024
15,19804788485.615383,127.39788799999997,135.64723200000003,132.72678399999995,354.367712,720.769024
