levels,nanosec_per_fg,alloc_memory_MB,rss_memory_MB_min,rss_memory_MB_max,rss_memory_MB_median,rss_baseline_MB
3,90035889.23076923,68.529296,123.33055999999999,125.18604800000003,123.37971199999993,720.769024
4,221394320.6153846,76.198144,116.24038399999995,117.661696,116.84249599999998,720.769024
5,463498466.84615386,86.09976,108.97817599999996,121.15558399999998,116.25676799999997,720.769024
6,861176974.6153846,118.555232,117.35040000000004,125.89875199999994,123.12166400000001,720.769024
7,1458318013.7692308,132.16328,100.75340800000004,125.93151999999998,101.23673599999995,720.769024
8,2103961777.0769231,144.178144,127.96723199999997,129.06495999999993,128.913408,720.769024
9,3106631110.1538463,163.005792,130.392064,135.852032,130.46169599999996,720.769024
10,4403583401.384615,197.631504,131.39968,143.36409600000002,137.86726399999998,720.769024
15,19804788485.615383,354.367712,127.39788799999997,135.64723200000003,132.72678399999995,720.769024
