T,nanosec_per_fg,alloc_memory_MB,rss_memory_MB_min,rss_memory_MB_max,rss_memory_MB_median,rss_baseline_MB
20,92529503.05,28.238416,119.50899200000003,126.95961599999998,119.59910400000001,720.769024
50,234100939.3333333,41.326896,115.30240000000003,135.43423999999993,132.84966399999996,720.769024
100,463498466.84615386,86.09976,108.97817599999996,121.15558399999998,116.25676799999997,720.769024
200,861384405.5384616,169.3944,121.72492799999998,155.844608,155.41862400000002,720.769024
300,1293332728.7857144,271.302848,124.42419199999995,127.82387199999994,124.83379200000002,720.769024
400,1530713658.6666667,385.598656,128.1024,128.83558399999993,128.577536,720.769024
500,1813892475.0,543.254272,130.17497600000002,153.78022399999998,152.48588799999993,720.769024
800,2893374112.4615383,669.31104,106.38540799999998,110.59199999999998,106.75814400000002,720.769024
