levels,nanosec_per_fg,alloc_memory_MB,rss_memory_MB,rss_baseline_MB
3,90035889.23076923,68.529296,125.18604800000003,720.769024
4,221394320.6153846,76.198144,117.661696,720.769024
5,463498466.84615386,86.09976,121.15558399999998,720.769024
6,861176974.6153846,118.555232,125.89875199999994,720.769024
7,1458318013.7692308,132.16328,125.93151999999998,720.769024
8,2103961777.0769231,144.178144,129.06495999999993,720.769024
9,3106631110.1538463,163.005792,135.852032,720.769024
10,4403583401.384615,197.631504,143.36409600000002,720.769024
15,19804788485.615383,354.367712,135.64723200000003,720.769024
